S.N,BUSINESS_DATE,SECURITY_ID,SYMBOL,SECURITY_NAME,OPEN_PRICE,HIGH_PRICE,LOW_PRICE,CLOSE_PRICE,TOTAL_TRADED_QUANTITY,TOTAL_TRADED_VALUE,PREVIOUS_DAY_CLOSE_PRICE,FIFTY_TWO_WEEKS_HIGH,FIFTY_TWO_WEEKS_LOW,LAST_UPDATED_TIME,LAST_UPDATED_PRICE,TOTAL_TRADES,AVERAGE_TRADED_PRICE,MARKET_CAPITALIZATION
1,2023-03-20,133,SCB,Standard Chartered Bank Limited,521.0000,521.0000,520.0000,,510,265600.0000,513.0000,555.0000,375.0000,2023-03-20T11:32:18.073328,520.0000,4,520.78,
2,2023-03-20,179,HEI,Himalayan Everest Insurance Limited,420.0000,420.0000,415.0000,,1500,627350.0000,412.3000,703.0000,345.0000,2023-03-20T11:35:07.280750,417.0000,6,418.23,
3,2023-03-20,358,LBBL,Lumbini Bikas Bank Ltd.,335.0000,335.0000,332.0000,,792,264120.0000,329.1000,503.0000,290.1000,2023-03-20T11:34:51.154844,332.0000,4,333.48,
4,2023-03-20,559,NLG,NLG Insurance Company Ltd.,649.1000,684.0000,649.0000,,1397,926223.0000,660.1000,928.0000,423.0000,2023-03-20T11:32:23.987254,675.0000,10,663.00,
5,2023-03-20,634,RBCLPO,Rastriya Beema Company Limited Promoter Share,11214.0000,11214.0000,11214.0000,,10,112140.0000,11442.3000,18588.0000,9663.0000,2023-03-20T11:12:08.313599,11214.0000,1,11214.00,
6,2023-03-20,2742,HIDCL,Hydorelectricity Investment and Development Company Ltd,196.0000,199.0000,195.0000,,5817,1153699.1000,196.0000,308.0000,159.8000,2023-03-20T11:35:09.372723,197.2000,31,198.33,
7,2023-03-20,2751,KKHC,Khanikhola Hydropower Co. Ltd.,249.9000,251.0000,249.9000,,897,224570.3000,247.0000,318.0000,163.8000,2023-03-20T11:32:38.335983,250.9000,4,250.35,
8,2023-03-20,2767,HPPL,Himalayan Power Partner Ltd.,305.8000,305.8000,298.0000,,410,125120.0000,300.5000,476.0000,217.6000,2023-03-20T11:25:41.105604,298.0000,4,305.17,
9,2023-03-20,2806,GHL,Ghalemdi Hydro Limited,274.0000,274.0000,267.0000,,5705,1542584.0000,271.0000,341.0000,164.2000,2023-03-20T11:31:22.005342,270.0000,27,270.39,
10,2023-03-20,2841,RHPL,RASUWAGADHI HYDROPOWER COMPANY LIMITED,303.5000,307.0000,303.5000,,298,91085.4000,306.0000,391.6000,210.0000,2023-03-20T11:35:07.657153,306.2000,7,305.65,
11,2023-03-20,2896,SDLBSL,Sadhana Laghubitta Bittiya Sanstha Limited,657.0000,657.0000,657.0000,,14,9198.0000,668.0000,1305.6000,650.0000,2023-03-20T11:13:55.789820,657.0000,1,657.00,
12,2023-03-20,4959,NBLD87,8.5% Nepal Bank Debenture 2087,732.0000,732.0000,732.0000,,25,18300.0000,742.0000,1020.0000,711.0000,2023-03-20T11:13:49.935698,732.0000,1,732.00,
13,2023-03-20,8076,HHL,Himalayan Hydropower Limited,299.0000,305.0000,299.0000,,281,84969.0000,304.9000,362.1000,202.0000,2023-03-20T11:33:33.916059,305.0000,25,302.38,
14,2023-03-20,141,LBL,Laxmi Bank Limited,182.0000,183.0000,180.0000,,432,78852.0000,180.0000,272.0000,179.6000,2023-03-20T11:21:23.846984,183.0000,6,182.52,
15,2023-03-20,149,OHL,Oriental Hotels Limited,544.0000,544.0000,544.0000,,500,272000.0000,536.0000,602.6000,413.8000,2023-03-20T11:07:54.753941,544.0000,1,544.00,
16,2023-03-20,180,UIC,United Insurance Co. (Nepal) Ltd.,431.0000,431.0000,430.0000,,1020,439600.0000,430.9000,725.0000,325.0000,2023-03-20T11:25:42.120791,430.0000,2,430.98,
17,2023-03-20,204,GUFL,Gurkhas Finance Ltd.,503.0000,519.1000,503.0000,,885,454326.0000,509.5000,715.0000,357.0000,2023-03-20T11:34:48.713357,514.0000,11,513.36,
18,2023-03-20,227,BFC,Best Finance Company Ltd.,331.5000,331.5000,330.0000,,315,104190.0000,326.0000,476.9000,292.5000,2023-03-20T11:28:06.671667,331.0000,3,330.76,
19,2023-03-20,686,BARUN,Barun Hydropower Co. Ltd.,260.0000,265.0000,260.0000,,1541,406365.7000,263.0000,541.6000,190.3000,2023-03-20T11:32:14.793646,263.1000,11,263.70,
20,2023-03-20,697,API,Api Power Company Ltd.,261.2000,262.2000,260.0000,,11640,3041509.8000,257.1000,510.0000,200.0000,2023-03-20T11:35:14.869307,261.0000,57,261.29,
21,2023-03-20,2744,GRDBL,Green Development Bank Ltd.,264.9000,265.0000,261.0000,,45,11884.0000,261.0000,363.9000,182.0000,2023-03-20T11:33:02.979547,265.0000,3,264.08,
22,2023-03-20,2759,SPDL,Synergy Power Development Ltd.,311.9000,314.0000,311.9000,,1000,313400.2000,308.4000,474.0000,234.0000,2023-03-20T11:28:02.972184,314.0000,11,313.40,
23,2023-03-20,2826,GLBSL,Gurans Laghubitta Bittiya Sanstha Limited,665.0000,665.0000,665.0000,,40,26600.0000,665.0000,1360.0000,664.0000,2023-03-20T11:19:19.695695,665.0000,2,665.00,
24,2023-03-20,2917,CGH,Chandragiri Hills Limited,1132.0000,1132.0000,1131.0000,,20,22630.0000,1148.0000,1487.0000,900.2000,2023-03-20T11:30:41.003815,1131.0000,2,1131.50,
25,2023-03-20,8066,RFPL,River Falls Power Limited,298.0000,303.0000,293.2000,,160,47591.0000,298.0000,325.0000,200.0000,2023-03-20T11:35:01.829556,297.0000,16,297.44,
26,2023-03-20,8099,UHEWA,Upper Hewakhola Hydropower Company Limited,417.1000,425.0000,417.1000,,140,59007.0000,424.0000,481.0000,130.2000,2023-03-20T11:34:47.612760,425.0000,14,421.47,
27,2023-03-20,134,HBL,Himalayan Bank Limited,233.0000,240.0000,233.0000,,976,232334.6000,236.0000,398.7500,225.7000,2023-03-20T11:33:41.540600,235.3000,19,238.04,
28,2023-03-20,140,MBL,Machhapuchhre Bank Limited,227.0000,227.0000,225.1000,,431,97575.3000,224.0000,305.0000,199.0000,2023-03-20T11:33:48.598441,226.0000,6,226.39,
29,2023-03-20,145,SBL,Siddhartha Bank Limited,261.0000,262.0000,258.0000,,4407,1144097.0000,261.0000,414.8000,255.0000,2023-03-20T11:33:20.875019,259.1000,16,259.60,
30,2023-03-20,236,PFL,Pokhara Finance Ltd.,380.0000,387.0000,380.0000,,940,359035.9000,373.1000,534.0000,290.0000,2023-03-20T11:34:35.084487,384.0000,9,381.95,
31,2023-03-20,397,ADBL,Agricultural Development Bank Limited,258.2000,262.8000,258.2000,,2025,525898.2000,258.2000,405.9000,258.0000,2023-03-20T11:33:58.463336,259.9000,19,259.70,
32,2023-03-20,516,MFIL,Manjushree Finance Ltd.,448.0000,453.6000,448.0000,,2415,1089223.0000,444.8000,659.0000,362.0000,2023-03-20T11:35:00.738897,450.0000,12,451.02,
33,2023-03-20,545,SLBBL,Swarojgar Laghu Bitta Bikas Bank Ltd.,606.0000,609.0000,606.0000,,150,91200.0000,602.1000,1115.0000,600.1000,2023-03-20T11:34:54.088463,609.0000,2,608.00,
34,2023-03-20,687,VLBS,Vijaya laghubitta Bittiya Sanstha Ltd.,751.0000,762.0000,751.0000,,200,151630.0000,750.0000,1254.0000,740.1000,2023-03-20T11:31:27.532400,762.0000,6,758.15,
35,2023-03-20,2786,PMHPL,Panchakanya Mai Hydropower Ltd,250.0000,250.0000,250.0000,,200,50000.0000,247.9000,349.8000,168.0000,2023-03-20T11:19:22.942737,250.0000,1,250.00,
36,2023-03-20,2887,NICLBSL,NIC ASIA Laghubitta Bittiya Sanstha Limited,560.0000,576.0000,560.0000,,77,43780.0000,568.9000,1100.0000,560.3000,2023-03-20T11:25:31.845342,570.0000,3,568.57,
37,2023-03-20,2913,MEN,Mountain Energy Nepal Limited,750.0000,759.0000,750.0000,,50,37680.0000,758.0000,1135.0000,692.0000,2023-03-20T11:28:02.213024,759.0000,5,753.60,
38,2023-03-20,2919,NIFRA,Nepal Infrastructure Bank Limited,217.5000,221.0000,217.0000,,4171,916103.3000,219.0000,360.0000,176.9000,2023-03-20T11:35:01.977119,220.0000,71,219.63,
39,2023-03-20,2924,GLH,GreenLife Hydropower Limited,294.3000,303.9000,294.3000,,970,294454.0000,298.0000,511.0000,219.0000,2023-03-20T11:21:41.447479,303.9000,10,303.56,
40,2023-03-20,8036,RULB,Rastra Utthan Laghubitta Sanstha Limited,660.0000,661.0000,660.0000,,60,39650.0000,659.0000,1931.7000,580.3000,2023-03-20T11:30:42.114649,661.0000,2,660.83,
41,2023-03-20,8071,ADLB,Adarsha Laghubitta Bittiya Sanstha Limited,1366.8000,1366.8000,1345.0000,,40,54118.0000,1340.0000,2705.0000,256.8000,2023-03-20T11:33:05.474395,1350.0000,3,1352.95,
42,2023-03-20,8104,USHEC,Upper Solu Hydro Electric Company Limited,345.3000,358.0000,345.3000,,110,38539.0000,351.0000,431.9000,237.0000,2023-03-20T11:35:21.985121,349.0000,11,350.35,
43,2023-03-20,8121,SPHL,Sayapatri Hydropower Limited,459.0000,463.5000,455.0000,,1730,794755.0000,458.0000,520.2000,194.8000,2023-03-20T11:27:27.984054,458.1000,9,459.39,
44,2023-03-20,164,CBBL,Chhimek Laghubitta Bittiya Sanstha Limited,785.0000,798.0000,784.0000,,615,484625.0000,787.0000,1303.0000,785.0000,2023-03-20T11:34:01.447508,787.0000,13,788.00,
45,2023-03-20,184,PRIN,Prabhu Insurance Ltd.,476.0000,476.0000,476.0000,,700,333200.0000,473.0000,893.0000,378.0000,2023-03-20T11:27:11.816123,476.0000,3,476.00,
46,2023-03-20,255,PRVU,Prabhu  Bank Limited,178.2000,180.3000,178.2000,,5032,903156.4000,178.1000,309.0000,176.4000,2023-03-20T11:33:59.467487,178.5000,32,179.48,
47,2023-03-20,256,SFCL,Samriddhi Finance Company Limited,297.9000,297.9000,297.0000,,910,270743.4000,294.0000,375.0000,179.4000,2023-03-20T11:25:03.916503,297.0000,7,297.52,
48,2023-03-20,357,PCBL,Prime Commercial Bank Ltd.,200.0000,203.8000,200.0000,,484,97627.4000,201.9000,333.0000,198.5000,2023-03-20T11:34:33.422665,201.5000,12,201.70,
49,2023-03-20,396,NLBBL,Nerude Laghubitta Bittiya Sanstha Limited,604.0000,604.0000,604.0000,,20,12080.0000,596.0000,1129.0000,590.0000,2023-03-20T11:21:07.659841,604.0000,1,604.00,
50,2023-03-20,517,NBL,Nepal Bank Limited,265.0000,265.0000,262.0000,,2836,744976.0000,261.9000,350.0000,258.0000,2023-03-20T11:35:04.037758,262.0000,14,262.68,
51,2023-03-20,592,NSLB,Naya Sarathi Laghubitta Bittiya Sanstha Limited,691.6000,716.0000,691.6000,,375,264417.0000,678.1000,1365.0000,676.0000,2023-03-20T11:32:45.591401,700.0000,15,705.11,
52,2023-03-20,2784,NADEP,Nadep Laghubittiya bittya Sanstha Ltd.,550.0000,550.0000,550.0000,,111,61040.0000,540.0000,883.1000,534.1000,2023-03-20T11:23:38.584480,550.0000,3,549.90,
53,2023-03-20,2810,UPCL,UNIVERSAL POWER COMPANY LTD,255.5000,258.0000,254.2000,,10419,2669677.1000,254.0000,340.0000,175.9000,2023-03-20T11:35:12.713894,254.4000,43,256.23,
54,2023-03-20,2813,PPCL,Panchthar Power Compant Limited,348.5000,355.3000,348.4000,,1158,409397.2000,354.9000,444.9000,230.0000,2023-03-20T11:24:58.677518,355.3000,5,353.53,
55,2023-03-20,8025,SPC,Samling Power Company Limited,497.0000,497.7000,490.0000,,1386,680904.0000,488.0000,697.6000,338.2000,2023-03-20T11:28:05.125487,490.0000,8,491.27,
56,2023-03-20,8041,NESDO,NESDO Sambridha Laghubitta Bittiya Sanstha Limited,2423.0000,2423.0000,2365.0000,,170,405167.0000,2389.9000,3759.0000,747.7000,2023-03-20T11:28:09.153139,2388.0000,9,2383.33,
57,2023-03-20,8055,BHL,Balephi Hydropower Limited,329.3000,335.0000,329.3000,,305,101954.0000,335.0000,397.0000,104.7000,2023-03-20T11:33:11.368845,335.0000,11,334.27,
58,2023-03-20,8108,RHGCL,Rapti Hydro And General Construction Limited,338.0000,341.0000,338.0000,,6818,2324080.0000,344.0000,406.0000,191.6000,2023-03-20T11:35:05.773736,341.0000,18,340.87,
59,2023-03-20,142,KBL,Kumari Bank Limited,179.0000,179.0000,176.0000,,3934,696950.0000,178.0000,243.0000,175.0000,2023-03-20T11:35:24.729193,177.0000,34,177.16,
60,2023-03-20,156,BBC,Bishal Bazar Company Limited,3275.0000,3339.0000,3275.0000,,150,497650.0000,3326.0000,4550.0000,3083.0000,2023-03-20T11:31:56.014946,3339.0000,3,3317.66,
61,2023-03-20,186,IGI,IME General Insurance Ltd.,400.2000,409.9000,394.0000,,22770,9095982.5000,406.2000,740.0000,333.2000,2023-03-20T11:34:16.631071,400.0000,101,399.47,
62,2023-03-20,188,LICN,Life Insurance Corporation (Nepal) Limited,1378.0000,1378.0000,1378.0000,,50,68900.0000,1361.0000,2274.0000,1065.0000,2023-03-20T11:16:23.666969,1378.0000,1,1378.00,
63,2023-03-20,232,GFCL,Goodwill Finance Limited,458.0000,460.0000,458.0000,,578,265776.6000,455.0000,634.0000,358.0000,2023-03-20T11:33:57.055030,460.0000,5,459.82,
64,2023-03-20,403,SJLIC,SuryaJyoti Life Insurance Company Limited,444.2000,451.8000,444.2000,,3539,1592108.4000,444.1000,806.5000,351.0000,2023-03-20T11:34:09.743375,450.0000,25,449.87,
65,2023-03-20,471,MPFL,Multipurpose Finance Company  Limited,320.3000,338.1000,320.3000,,92,30002.8000,325.0000,418.0000,206.1000,2023-03-20T11:32:33.992525,338.1000,3,326.11,
66,2023-03-20,474,MNBBL,Muktinath Bikas Bank Ltd.,390.0000,390.0000,387.0000,,782,303329.0000,387.0000,525.0000,368.0000,2023-03-20T11:32:29.812225,389.9000,7,387.88,
67,2023-03-20,593,KMCDB,Kalika Laghubitta Bittiya Sanstha Ltd,785.0000,795.0000,785.0000,,292,230842.0000,784.0000,1359.0000,761.0000,2023-03-20T11:33:22.723118,792.0000,6,790.55,
68,2023-03-20,2766,CHL,Chhyangdi Hydropower Ltd.,320.0000,327.0000,320.0000,,256,82694.0000,319.1000,475.0000,193.1000,2023-03-20T11:35:03.901833,327.0000,4,323.02,
69,2023-03-20,2790,ACLBSL,Aarambha Chautari Laghubitta Bittiya Sanstha Limited,575.0000,586.5000,573.0000,,480,277198.0000,585.0000,1407.0000,575.0000,2023-03-20T11:34:21.800356,573.0000,16,577.49,
70,2023-03-20,2843,SABSL,Sabaiko Laghubitta Bittiya Sanstha Limited,625.0000,625.0000,625.0000,,16,10000.0000,624.0000,1390.0000,624.0000,2023-03-20T11:30:15.821531,625.0000,1,625.00,
71,2023-03-20,2902,LUK,Laxmi Unnati Kosh,7.8000,7.8100,7.8000,,7000,54650.0000,7.7900,10.5000,7.5200,2023-03-20T11:34:28.106810,7.8000,4,7.80,
72,2023-03-20,3946,CHDC,CEDB Hydropower Development Company Limited,707.2000,734.4000,707.2000,,120,86853.0000,720.0000,925.0000,590.0000,2023-03-20T11:28:52.538540,720.1000,8,723.77,
73,2023-03-20,4956,ULI,Union Life Insurance Company Limited,402.3000,413.0000,402.2000,,535,218700.0000,408.2000,746.0000,397.1000,2023-03-20T11:32:15.498694,412.9000,29,408.78,
74,2023-03-20,8005,MKJC,Mailung Khola Jal Vidhyut Company Limited,438.9000,446.9000,438.7000,,530,233028.0000,446.9000,695.0000,372.6000,2023-03-20T11:33:09.962030,446.9000,12,439.67,
75,2023-03-20,8021,SAHAS,Sahas Urja Limited,534.0000,540.0000,534.0000,,330,177685.0000,538.0000,656.0000,377.5000,2023-03-20T11:33:20.676648,540.0000,27,538.43,
76,2023-03-20,8106,GIBF1,Global IME Balanced Fund-1,7.9000,7.9000,7.9000,,100,790.0000,8.0500,10.0000,7.5500,2023-03-20T11:26:14.327530,7.9000,1,7.90,
77,2023-03-20,135,SBI,Nepal SBI Bank Limited,323.0000,323.0000,323.0000,,20,6460.0000,316.9000,365.0000,251.0000,2023-03-20T11:24:21.733525,323.0000,1,323.00,
78,2023-03-20,147,SHL,Soaltee Hotel Limited,222.5000,222.5000,222.1000,,575,127785.0000,221.6000,252.6000,186.7000,2023-03-20T11:30:36.482243,222.1000,3,222.23,
79,2023-03-20,148,TRH,Taragaon Regency Hotel Limited,470.0000,479.4000,470.0000,,1260,601744.0000,463.0000,507.0000,302.1000,2023-03-20T11:23:47.967455,471.9000,6,477.57,
80,2023-03-20,163,NUBL,Nirdhan Utthan Laghubitta Bittiya Sanstha Limited,600.0000,600.0000,595.0000,,965,576075.0000,596.8000,1179.0000,588.0000,2023-03-20T11:29:51.023142,596.5000,13,596.96,
81,2023-03-20,171,SANIMA,Sanima Bank Limited,243.0000,243.0000,240.0000,,4363,1052149.1000,239.0000,340.0000,222.0000,2023-03-20T11:33:34.920803,243.0000,25,241.15,
82,2023-03-20,178,NLICL,National Life Insurance Co. Ltd.,565.0000,565.0000,560.0000,,2524,1416552.5000,557.9000,940.0000,492.0000,2023-03-20T11:32:43.346403,560.0000,11,561.23,
83,2023-03-20,189,PICL,Prudential Insurance Co. Ltd.,400.0000,400.0000,400.0000,,100,40000.0000,399.0000,732.0000,328.3000,2023-03-20T11:27:09.082361,400.0000,1,400.00,
84,2023-03-20,192,SICL,Shikhar Insurance Co. Ltd.,755.0000,755.0000,744.0000,,235,176260.0000,750.0000,1428.0000,690.1000,2023-03-20T11:28:42.314281,744.0000,6,750.04,
85,2023-03-20,250,JFL,Janaki Finance Company Limited,386.0000,387.0000,386.0000,,420,162320.0000,380.0000,535.0000,305.0000,2023-03-20T11:26:07.656903,386.0000,5,386.47,
86,2023-03-20,263,GMFIL,Guheshowori Merchant Bank & Finance Co. Ltd.,329.0000,329.8000,329.0000,,400,131760.0000,327.0000,431.9000,223.9000,2023-03-20T11:17:36.074939,329.8000,2,329.40,
87,2023-03-20,307,NTC,Nepal Doorsanchar Company Limited,828.9000,828.9000,823.9000,,20,16528.0000,817.0000,1575.0000,803.0000,2023-03-20T11:34:49.467720,823.9000,2,826.40,
88,2023-03-20,341,GBIME,Global IME Bank Limited,189.7000,189.9000,188.0000,,5855,1108397.0000,187.0000,326.0000,183.8000,2023-03-20T11:33:22.843564,188.5000,49,189.30,
89,2023-03-20,360,AHPC,Arun Valley Hydropower Development Co. Ltd.,300.0000,303.5000,299.0000,,8344,2503093.0000,299.0000,525.0000,250.0000,2023-03-20T11:32:50.864035,299.0000,20,299.98,
90,2023-03-20,417,GBBL,Garima Bikas Bank Limited,355.0000,360.0000,355.0000,,211,75424.2000,355.0000,490.0000,318.0000,2023-03-20T11:31:46.084844,355.2000,5,357.46,
91,2023-03-20,706,SWMF,Suryodaya Womi Laghubitta Bittiya Sanstha Limited,681.2000,681.2000,681.2000,,100,68120.0000,680.1000,1373.4000,666.0000,2023-03-20T11:33:35.936524,681.2000,3,681.20,
92,2023-03-20,2746,NMFBS,National Microfinance Laghubitta Bittiya Sanstha Limited,1700.0000,1700.0000,1700.0000,,44,74800.0000,1700.0000,2580.0000,1700.0000,2023-03-20T11:17:01.301948,1700.0000,2,1700.00,
93,2023-03-20,2769,NHDL,Nepal Hydro Developers Ltd.,402.0000,408.6000,392.1000,,290,115555.0000,408.0000,533.0000,294.0000,2023-03-20T11:11:22.716981,408.0000,7,398.46,
94,2023-03-20,2780,CMF1,Citizens Mutual Fund -1,7.2400,7.2400,7.2400,,100,724.0000,7.3800,10.0000,6.7500,2023-03-20T10:46:00.042692,7.2400,1,7.24,
95,2023-03-20,2789,JOSHI,Joshi Hydropower Development Company Ltd,273.4000,279.0000,273.4000,,610,169834.0000,278.9000,318.0000,164.8000,2023-03-20T11:34:11.020077,276.2000,12,278.41,
96,2023-03-20,2914,UMRH,United IDI Mardi RB Hydropower Limited.,510.0000,510.0000,510.0000,,10,5100.0000,505.0000,1150.0000,390.0000,2023-03-20T11:26:49.175932,510.0000,1,510.00,
97,2023-03-20,8070,DORDI,Dordi Khola Jal Bidyut Company Limited,310.0000,315.0000,310.0000,,310,96811.0000,315.0000,408.0000,217.0000,2023-03-20T11:35:04.910152,313.0000,27,312.29,
98,2023-03-20,8102,MHL,Mandakini Hydropower Limited,380.0000,381.3000,380.0000,,60,22839.0000,386.5000,436.0000,237.3000,2023-03-20T11:34:29.412649,381.3000,6,380.65,
99,2023-03-20,8122,PPL,People's Power Limited,313.0000,313.0000,307.0000,,920,285507.0000,307.9000,336.0000,190.0000,2023-03-20T11:34:48.463381,310.2000,39,310.33,
100,2023-03-20,9139,SAGF,Sanima Growth Fund,8.7500,8.7500,8.7100,,1175,10273.2500,8.7600,10.0000,8.7600,2023-03-20T11:33:52.784521,8.7100,3,8.74,
101,2023-03-20,139,NICA,NIC Asia Bank Ltd.,749.0000,749.0000,739.0000,,19573,14503052.5000,742.0000,861.9000,600.3000,2023-03-20T11:35:16.287569,739.0000,109,740.97,
102,2023-03-20,176,NICL,Nepal Insurance Co. Ltd.,523.0000,523.0000,521.8000,,110,57415.0000,516.0000,934.0000,385.1000,2023-03-20T11:33:20.116476,521.9000,3,521.95,
103,2023-03-20,183,NIL,Neco Insurance Limited,769.0000,770.0000,765.0000,,850,652200.0000,767.0000,1076.0000,601.0000,2023-03-20T11:35:26.410221,765.0000,9,767.29,
104,2023-03-20,187,NLIC,Nepal Life Insurance Co. Ltd.,652.0000,665.0000,652.0000,,6204,4079236.5000,652.0000,1268.0000,570.0000,2023-03-20T11:34:00.708544,655.0000,43,657.51,
105,2023-03-20,338,PROFL,Progressive Finance Limited,335.0000,339.0000,335.0000,,21,7079.0000,330.9000,389.9000,192.0000,2023-03-20T11:24:50.444599,339.0000,2,337.09,
106,2023-03-20,385,ALICL,Asian Life Insurance Co. Limited,625.0000,629.4000,625.0000,,576,361213.4000,617.1000,1007.7000,428.0000,2023-03-20T11:21:25.306727,629.4000,6,627.10,
107,2023-03-20,401,MLBL,Mahalaxmi Bikas Bank Ltd.,314.0000,316.5000,314.0000,,3170,999930.0000,310.3000,485.0000,297.0000,2023-03-20T11:32:12.124924,315.0000,15,315.43,
108,2023-03-20,583,GBLBS,Grameen Bikas Laghubitta Bittiya Sanstha Ltd.,488.9000,490.0000,480.3000,,210,102701.0000,484.0000,957.0000,465.0000,2023-03-20T11:24:51.432507,480.3000,5,489.05,
109,2023-03-20,587,RLFL,Reliance Finance Ltd.,300.0000,307.0000,300.0000,,275,83009.0000,301.0000,451.0000,222.2000,2023-03-20T11:28:58.245285,307.0000,7,301.85,
110,2023-03-20,695,JSLBB,Janautthan Samudayic Laghubitta Bittya Sanstha Limited,1079.1000,1165.0000,1079.1000,,90,102481.0000,1100.0000,2330.0000,1096.1000,2023-03-20T11:25:47.611710,1165.0000,6,1138.67,
111,2023-03-20,2760,UMHL,United Modi Hydropower Ltd.,278.4000,278.4000,273.7000,,3075,850031.7000,273.0000,384.0000,192.1000,2023-03-20T11:35:20.391541,273.7000,21,276.43,
112,2023-03-20,2787,KPCL,Kalika power Company Ltd,385.0000,385.0000,385.0000,,100,38500.0000,385.0000,527.0000,289.0000,2023-03-20T11:26:30.898607,385.0000,2,385.00,
113,2023-03-20,2788,AKJCL,Ankhu Khola Jalvidhyut Company Ltd,229.9000,230.0000,226.0000,,2810,645280.0000,227.0000,310.0000,159.8000,2023-03-20T11:20:10.009652,230.0000,13,229.63,
114,2023-03-20,2792,UPPER,Upper Tamakoshi Hydropower Ltd,460.1000,468.9000,460.1000,,3917,1824803.8000,460.0000,624.9000,354.0000,2023-03-20T11:34:23.096157,465.0000,35,465.86,
115,2023-03-20,2807,ALBSL,Asha Laghubitta Bittiya Sanstha Ltd,721.0000,721.0000,707.0000,,34,24220.0000,707.0000,1467.0000,699.0000,2023-03-20T11:19:45.761422,707.0000,3,712.35,
116,2023-03-20,2811,MHNL,Mountain Hydro Nepal Limited,293.5000,301.2000,293.5000,,1530,460050.0000,296.0000,462.0000,212.0000,2023-03-20T11:24:27.649050,301.2000,6,300.68,
117,2023-03-20,2880,HDHPC,Himal Dolakha Hydropower Company Limited,228.0000,231.9000,227.0000,,13180,3018535.2000,224.6000,319.0000,161.0000,2023-03-20T11:35:00.821827,227.3000,48,229.02,
118,2023-03-20,2900,RLI,Reliance Life Insurance Limited,391.1000,400.0000,391.1000,,290,115514.0000,393.1000,626.0000,310.0000,2023-03-20T11:32:48.255541,394.1000,9,398.32,
119,2023-03-20,2934,SHEL,Singati Hydro Energy Limited,318.0000,324.3000,318.0000,,1445,468108.4000,318.0000,451.0000,206.1000,2023-03-20T11:33:13.329532,318.0000,15,323.95,
120,2023-03-20,8026,NYADI,Nyadi Hydropower Limited,325.1000,328.0000,325.1000,,50,16296.0000,327.3000,498.6000,241.0000,2023-03-20T11:33:35.942076,328.0000,3,325.92,
121,2023-03-20,8074,KDBY,Kumari Dhanabriddhi Yojana,7.8500,7.8500,7.8500,,100,785.0000,7.9100,10.4300,7.4600,2023-03-20T11:12:16.731279,7.8500,1,7.85,
122,2023-03-20,8111,HIDCLP,Hydorelectricity Investment and Development Company Limited Promoter,102.0000,103.0000,102.0000,,9612,986146.0000,101.5000,126.4000,95.0000,2023-03-20T11:34:02.314603,102.0000,14,102.59,
123,2023-03-20,8117,AVYAN,Aviyan Laghubitta Bittiya Sanstha Limited,635.8000,661.6000,623.1000,,455,296128.0000,648.7000,963.0000,316.0000,2023-03-20T11:34:13.400667,637.0000,16,650.83,
124,2023-03-20,8126,SIKLES,Sikles Hydropower Limited,456.5000,457.0000,455.0000,,1377,627581.0000,459.0000,510.0000,315.5000,2023-03-20T11:35:27.433276,457.0000,19,455.75,
125,2023-03-20,8133,PHCL,Peoples Hydropower Company Limited,357.0000,367.0000,357.0000,,950,345119.0000,362.7000,416.1000,196.9000,2023-03-20T11:35:24.908771,364.0000,56,363.28,
126,2023-03-20,9140,UNLB,Unique Nepal Laghubitta Bittiya Sanstha Limited,1799.8000,1941.0000,1799.8000,,461,890621.5000,1764.6000,1764.6000,989.4000,2023-03-20T11:31:59.098626,1941.0000,30,1931.93,
127,2023-03-20,153,BPCL,Butwal Power Company Limited,325.0000,325.0000,319.0000,,422,136011.0000,319.0000,424.0000,288.0000,2023-03-20T11:27:47.610593,320.0000,8,322.30,
128,2023-03-20,166,DDBL,Deprosc Laghubitta Bittiya Sanstha Limited,685.0000,690.0000,685.0000,,144,99050.0000,685.0000,1199.0000,668.0000,2023-03-20T11:30:07.260192,685.0000,6,687.84,
129,2023-03-20,235,HDL,Himalayan Distillery Limited,1975.0000,2000.0000,1965.0000,,5372,10646496.0000,1975.0000,4323.0000,1975.0000,2023-03-20T11:34:52.249832,1989.0000,157,1981.84,
130,2023-03-20,238,NMB,NMB Bank Limited,221.0000,222.8000,220.0000,,880,194206.0000,220.9000,320.0000,217.9000,2023-03-20T11:34:26.868714,222.5000,6,220.68,
131,2023-03-20,244,SIFC,Shree Investment Finance Co. Ltd.,326.0000,330.0000,325.0000,,869,284539.0000,324.0000,443.0000,236.3000,2023-03-20T11:33:39.757990,328.0000,6,327.43,
132,2023-03-20,428,KRBL,Karnali Development Bank Limited,274.0000,274.0000,270.0000,,860,232432.0000,269.4000,435.0000,198.9000,2023-03-20T11:34:45.709978,270.0000,5,270.26,
133,2023-03-20,490,FMDBL,First Micro Finance Laghubitta Bittiya Sanstha Limited,540.0000,541.7000,538.0000,,856,462648.0000,531.1000,835.0000,530.1000,2023-03-20T11:29:09.611021,538.0000,12,540.47,
134,2023-03-20,575,RMDC,RMDC Laghubitta Bittiya Sanstha Ltd.,699.0000,709.0000,699.0000,,130,91820.0000,699.0000,1182.0000,690.0000,2023-03-20T11:31:36.344118,709.0000,7,706.30,
135,2023-03-20,704,NMBMF,NMB  Microfinance Bittiya Sanstha Ltd.,557.0000,569.0000,557.0000,,750,420210.0000,548.0000,991.0000,535.5000,2023-03-20T11:24:35.724344,568.8000,9,560.28,
136,2023-03-20,2743,NGPL,Ngadi Group Power Ltd.,280.0000,282.0000,276.0000,,7695,2156617.5000,276.0000,694.0000,185.2000,2023-03-20T11:34:24.410058,280.5000,38,280.26,
137,2023-03-20,2758,FOWAD,Forward Microfinance Laghubitta Bittiya Sanstha Limited,1283.9000,1283.9000,1283.0000,,90,115506.0000,1260.0000,2950.0000,1260.0000,2023-03-20T11:29:43.988300,1283.0000,5,1283.40,
138,2023-03-20,2908,SGIC,Sanima GIC Insurance Limited,450.2000,456.0000,450.2000,,70,31764.0000,454.0000,665.0000,325.5000,2023-03-20T11:34:27.552273,452.0000,7,453.77,
139,2023-03-20,2925,MLBSL,Mahila Lagubitta Bittiya Sanstha Limited ,2139.0000,2139.0000,2139.0000,,16,34224.0000,2100.0000,4329.6000,2100.0000,2023-03-20T11:19:30.048701,2139.0000,1,2139.00,
140,2023-03-20,4968,RMF1,RBB Mutual Fund 1,7.5000,7.5000,7.5000,,1100,8250.0000,7.5800,9.2700,7.0400,2023-03-20T11:33:45.497302,7.5000,2,7.50,
141,2023-03-20,9146,SMHL,Super Madi Hydropower Limited,395.0000,400.0000,392.1000,,1865,738821.5000,399.0000,406.8000,299.0000,2023-03-20T11:35:18.454656,394.6000,150,396.15,
142,2023-03-20,210,CIT,Citizen Investment Trust,2026.1000,2052.0000,2026.1000,,792,1619937.0000,2026.0000,3297.0000,1780.0000,2023-03-20T11:35:00.890112,2040.0000,27,2045.37,
143,2023-03-20,393,PLIC,Prime Life Insurance Company Limited,407.9000,408.8000,407.9000,,1051,428850.0000,401.0000,801.0000,400.0000,2023-03-20T11:26:43.864579,408.8000,7,408.03,
144,2023-03-20,693,CLBSL,Civil Laghubitta Bittiya Sanstha Ltd.,624.0000,624.2000,624.0000,,29,18099.8000,612.0000,1018.0000,592.0000,2023-03-20T11:25:40.931422,624.2000,2,624.13,
145,2023-03-20,700,HEIP,Himalayan Everest Insurance Limited Promoter,270.0000,270.0000,270.0000,,10,2700.0000,275.4000,367.4000,214.2000,2023-03-20T11:35:22.900166,270.0000,1,270.00,
146,2023-03-20,2774,USLB,Unnati Sahakarya Laghubitta Bittiya Sanstha Limited,711.0000,711.0000,711.0000,,13,9243.0000,723.3000,1490.0000,715.0000,2023-03-20T11:24:24.900963,711.0000,1,711.00,
147,2023-03-20,2804,SLBSL,Samudayik Laghubitta Bittiya Sanstha Limited,897.0000,897.0000,897.0000,,10,8970.0000,880.0000,1760.0000,867.0000,2023-03-20T11:23:47.404361,897.0000,1,897.00,
148,2023-03-20,2809,SHIVM,SHIVAM CEMENTS LTD,430.0000,433.0000,427.0000,,21257,9121366.7000,425.0000,1198.0000,425.0000,2023-03-20T11:34:42.625773,427.0000,85,429.09,
149,2023-03-20,2859,SIGS2,Siddhartha Investment Growth Scheme - 2,7.8400,7.8400,7.8400,,100,784.0000,7.9100,11.3600,7.5900,2023-03-20T11:08:36.894483,7.8400,1,7.84,
150,2023-03-20,2893,AIL,Ajod Insurance Limited,461.0000,470.0000,461.0000,,130,60110.0000,453.0000,768.9000,344.0000,2023-03-20T11:20:34.344003,470.0000,6,462.38,
151,2023-03-20,2903,LEC,Liberty Energy Company Limited,282.0000,289.0000,281.0000,,1300,373786.0000,287.0000,384.0000,203.0000,2023-03-20T11:35:00.265786,289.0000,13,287.52,
152,2023-03-20,2923,SLCF,Sanima Large Cap Fund,7.0600,7.0600,7.0600,,100,706.0000,7.0900,9.5000,6.9000,2023-03-20T11:30:10.343770,7.0600,1,7.06,
153,2023-03-20,8024,NBF3,Nabil Balanced Fund-3,7.3000,7.4000,7.3000,,4765,35126.5000,7.4000,9.4900,7.0800,2023-03-20T11:33:13.379243,7.4000,6,7.37,
154,2023-03-20,8038,JALPA,Jalpa Samudayik Laghubitta Bittiya Sanstha Limited,2350.0000,2350.0000,2350.0000,,25,58750.0000,2349.0000,3770.0000,318.6000,2023-03-20T11:27:47.115611,2350.0000,2,2350.00,
155,2023-03-20,8063,ULBSL,Upakar Laghubitta Bittiya Sanstha Limited,1610.0000,1610.0000,1610.0000,,10,16100.0000,1580.2000,3951.4000,1211.0000,2023-03-20T11:24:25.511810,1610.0000,1,1610.00,
156,2023-03-20,8075,BHDC,Bindhyabasini Hydropower Development Company Limited,432.0000,448.0000,432.0000,,590,262736.0000,440.0000,520.0000,310.0000,2023-03-20T11:35:19.881962,440.0000,27,445.31,
157,2023-03-20,8128,KLBS,Khaptad Laghubitta Bittiya Sanstha Limited,979.0000,979.0000,979.0000,,10,9790.0000,998.5000,1870.0000,303.2000,2023-03-20T11:14:08.679070,979.0000,1,979.00,
158,2023-03-20,9135,BHPL,Barahi Hydropower Public Limited,521.2000,541.9000,521.2000,,210,111644.0000,521.2000,677.2000,194.3000,2023-03-20T11:29:06.030709,540.0000,11,531.63,
159,2023-03-20,131,NABIL,Nabil Bank Limited,607.0000,613.7000,607.0000,,6189,3779947.2000,606.0000,1080.0000,605.0000,2023-03-20T11:35:28.000897,609.0000,86,610.75,
160,2023-03-20,137,EBL,Everest Bank Limited,505.0000,509.0000,505.0000,,4598,2339324.0000,505.0000,558.9000,411.0000,2023-03-20T11:23:34.385403,509.0000,3,508.76,
161,2023-03-20,155,STC,Salt Trading Corporation,3899.0000,3899.0000,3890.0000,,220,857310.0000,3839.0000,5624.0000,2870.0000,2023-03-20T11:34:11.748920,3898.0000,6,3896.86,
162,2023-03-20,194,NFS,Nepal Finance Ltd.,302.0000,305.0000,302.0000,,1919,583538.0000,298.5000,687.7000,213.3000,2023-03-20T11:34:38.828892,304.4000,15,304.08,
163,2023-03-20,359,SRBL,Sunrise Bank Limited,183.0000,183.0000,181.5000,,542,99123.0000,183.0000,272.0000,177.1000,2023-03-20T11:27:38.797394,181.5000,2,182.88,
164,2023-03-20,418,JBBL,Jyoti Bikas Bank Limited,274.0000,278.0000,274.0000,,386,106471.0000,274.0000,434.0000,248.0000,2023-03-20T11:33:59.304841,276.0000,4,275.83,
165,2023-03-20,447,GLICL,Gurans Life Insurance Company Ltd.,404.0000,404.0000,400.0000,,375,150690.0000,403.9000,721.0000,394.1000,2023-03-20T11:25:16.435947,400.0000,3,401.84,
166,2023-03-20,473,SHINE,Shine Resunga Development Bank Ltd.,334.0000,336.0000,332.1000,,1800,601450.0000,331.7000,424.0000,255.1000,2023-03-20T11:31:39.654356,332.1000,5,334.13,
167,2023-03-20,591,SHPC,Sanima Mai Hydropower Ltd.,323.7000,324.0000,322.0000,,3975,1285517.0000,319.0000,416.9000,250.0000,2023-03-20T11:34:56.340745,322.0000,20,323.40,
168,2023-03-20,682,MMFDB,Mirmire Laghubitta Bittya Sanstha Limited,610.1000,617.1000,605.0000,,208,126897.3000,610.0000,1350.0000,605.0000,2023-03-20T11:31:08.295173,617.1000,5,610.08,
169,2023-03-20,1741,MERO,Mero Microfinance Bittiya Sanstha Ltd.,565.0000,565.0000,564.0000,,20,11290.0000,556.1000,1089.9000,556.0000,2023-03-20T11:27:23.886061,564.0000,2,564.50,
170,2023-03-20,2757,AKPL,Arun Kabeli Power Ltd.,404.0000,409.6000,404.0000,,5246,2137069.0000,407.0000,530.0000,325.0000,2023-03-20T11:35:23.354780,407.0000,44,407.37,
171,2023-03-20,2815,GMFBS,Ganapati Laghubitta Bittiya Sanstha Limited,731.0000,759.0000,731.0000,,30,22350.0000,731.0000,1225.0000,706.0000,2023-03-20T11:33:13.306457,759.0000,3,745.00,
172,2023-03-20,2862,CMF2,CITIZENS MUTUAL FUND 2,7.8400,7.8400,7.8400,,200,1568.0000,8.0000,10.7600,7.2400,2023-03-20T11:26:10.114616,7.8400,1,7.84,
173,2023-03-20,8018,MLBS,Manushi Laghubitta Bittiya Sanstha Limited,863.9000,931.7000,863.9000,,1615,1494516.5000,847.0000,1460.0000,740.0000,2023-03-20T11:30:42.719978,913.0000,47,925.39,
174,2023-03-20,8132,SHLB,Shrijanshil Laghubitta Bittiya Sanstha Limited,1390.0000,1409.0000,1390.0000,,70,98240.0000,1390.0000,2485.2000,906.0000,2023-03-20T11:33:53.794810,1400.0000,7,1403.42,
175,2023-03-20,9147,SPL,Shuvam Power Limited,565.0000,610.9000,534.4000,,9537,5618534.8000,567.6000,567.6000,265.0000,2023-03-20T11:34:50.427807,590.0000,485,589.13,
176,2023-03-20,132,NIMB,Nepal Investment Mega Bank Limited,192.0000,194.0000,190.2000,,2857,549565.0000,190.9000,408.4900,189.7000,2023-03-20T11:34:42.205184,191.0000,31,192.35,
177,2023-03-20,154,CHCL,Chilime Hydropower Company Limited,466.0000,471.0000,466.0000,,2684,1261514.0000,469.0000,504.1000,347.9000,2023-03-20T11:33:31.390928,470.0000,15,470.01,
178,2023-03-20,273,ICFC,ICFC Finance Limited,433.8000,433.8000,430.0000,,1298,560117.0000,427.0000,665.0000,363.0000,2023-03-20T11:32:56.062348,430.0000,11,431.52,
179,2023-03-20,348,CZBIL,Citizens Bank International Limited,179.0000,180.9000,179.0000,,3733,672388.9000,179.0000,278.0000,175.0000,2023-03-20T11:32:08.886127,180.9000,14,180.12,
180,2023-03-20,610,RIDI,Ridi Power Company Limited,348.0000,353.0000,343.1000,,4342,1510847.4000,342.0000,838.0000,334.7000,2023-03-20T11:31:11.286596,343.1000,22,347.96,
181,2023-03-20,2754,DHPL,Dibyashwori Hydropower Ltd.,234.4000,234.4000,232.0000,,110,25544.0000,229.9000,327.0000,160.1000,2023-03-20T11:26:06.552511,232.0000,2,232.21,
182,2023-03-20,2776,RADHI,Radhi Bidyut Company Ltd,262.1000,267.0000,262.1000,,1444,383708.1000,262.0000,699.0000,195.3000,2023-03-20T11:30:02.725067,264.0000,18,265.72,
183,2023-03-20,2831,UNHPL,Union Hydropower Limited,239.7000,239.7000,233.1000,,283,66819.8000,235.0000,367.0000,165.1000,2023-03-20T11:21:31.890242,239.6000,11,236.11,
184,2023-03-20,2842,SJCL,SANJEN JALAVIDHYUT COMPANY LIMITED,302.0000,308.0000,302.0000,,1050,319707.0000,306.0000,385.0000,210.0000,2023-03-20T11:34:06.458006,306.1000,13,304.48,
185,2023-03-20,2860,SAPDBL,Saptakoshi Development Bank Ltd,251.0000,251.0000,250.9000,,34,8531.6000,247.9000,360.9000,178.1000,2023-03-20T11:19:37.658137,250.9000,2,250.92,
186,2023-03-20,2881,NRIC,Nepal Reinsurance Company Limited,738.9000,783.3000,726.2000,,6200,4615673.3000,726.1000,1232.7000,565.0000,2023-03-20T11:35:18.538494,739.0000,47,744.46,
187,2023-03-20,2907,SSHL,Shiva Shree Hydropower Ltd,228.1000,235.0000,228.1000,,3847,901032.4000,231.0000,382.0000,155.1000,2023-03-20T11:32:25.589980,233.0000,19,234.21,
188,2023-03-20,2915,PLI,Prabhu Life Insurance Limited,421.0000,444.0000,421.0000,,224,96529.0000,428.0000,651.2000,321.8000,2023-03-20T11:34:57.255051,431.0000,17,430.93,
189,2023-03-20,4947,PSF,Prabhu Select Fund,7.7900,7.7900,7.7900,,100,779.0000,7.7500,9.8300,7.3100,2023-03-20T11:35:02.664529,7.7900,1,7.79,
190,2023-03-20,4951,JBLB,Jeevan Bikas Laghubitta  Bittya Sanstha Ltd,1830.0000,1855.0000,1830.0000,,429,792580.0000,1830.0000,5260.0000,1829.0000,2023-03-20T11:26:57.832072,1840.0000,12,1847.50,
191,2023-03-20,4955,MKLB,Manakamana Smart Laghubitta Bittiya Sanstha Limited,718.0000,761.0000,718.0000,,50,36665.0000,731.9000,1305.0000,702.0000,2023-03-20T11:24:56.677190,721.0000,5,733.30,
192,2023-03-20,4967,NICSF,NIC Asia Select Fund 30,7.6500,7.6500,7.6500,,100,765.0000,7.7100,9.4200,7.4000,2023-03-20T11:29:04.022723,7.6500,1,7.65,
193,2023-03-20,5982,SLI,Sanima Life Insurance Limited,398.1000,400.0000,393.0000,,252,100371.6000,403.0000,651.2000,311.5000,2023-03-20T11:34:26.410809,398.4000,21,398.30,
194,2023-03-20,8022,TPC,Terhathum Power Company Limited,428.8000,450.0000,428.8000,,172,76475.0000,437.3000,667.0000,303.9000,2023-03-20T11:25:01.505239,447.0000,7,444.62,
195,2023-03-20,8034,ENL,Emerging Nepal Limited,658.7000,658.7000,658.7000,,10,6587.0000,672.1000,1481.9000,482.0000,2023-03-20T11:25:07.935094,658.7000,1,658.70,
196,2023-03-20,8131,EHPL,Eastern Hydropower Limited,444.0000,455.0000,444.0000,,570,257382.0000,453.0000,508.0000,216.0000,2023-03-20T11:32:22.084538,449.1000,12,451.54,
197,2023-03-20,152,NHPC,National Hydro Power Company Limited,245.0000,248.0000,245.0000,,2936,723782.5000,243.0000,334.5000,176.4000,2023-03-20T11:33:29.152939,246.0000,19,246.51,
198,2023-03-20,219,UNL,Unilever Nepal Limited,20210.0000,20250.0000,20210.0000,,60,1213000.0000,20210.0000,22000.0000,16556.7000,2023-03-20T11:19:11.062590,20250.0000,2,20216.66,
199,2023-03-20,245,CFCL,Central Finance Co. Ltd.,319.0000,319.0000,319.0000,,90,28710.0000,314.5000,462.9000,237.0000,2023-03-20T11:24:31.452057,319.0000,1,319.00,
200,2023-03-20,268,SWBBL,Swabalamban Laghubitta Bittiya Sanstha Limited,780.1000,810.0000,779.1000,,160,128515.0000,795.0000,1407.0000,790.0000,2023-03-20T11:33:18.829289,809.0000,5,803.21,
201,2023-03-20,450,CORBL,Corporate Development Bank Limited,308.0000,308.0000,308.0000,,10,3080.0000,302.0000,575.0000,211.3000,2023-03-20T11:31:07.726361,308.0000,1,308.00,
202,2023-03-20,472,SADBL,Shangrila Development Bank Ltd.,297.0000,308.7000,297.0000,,254,76867.2000,297.1000,422.9000,245.0000,2023-03-20T11:35:27.556561,305.9000,8,302.62,
203,2023-03-20,2829,SMFBS,Swabhimaan Laghubitta Bittiya Sanstha Limited,1000.0000,1000.0000,986.1000,,60,59541.0000,1018.0000,1890.0000,1014.3000,2023-03-20T11:25:20.615416,990.0000,5,992.35,
204,2023-03-20,2832,ILBS,Infinity Laghubitta Bittiya Sanstha Limited,645.0000,645.0000,645.0000,,10,6450.0000,635.0000,1220.0000,617.0000,2023-03-20T11:15:24.279032,645.0000,1,645.00,
205,2023-03-20,2898,NRN,NRN Infrastructure and Development Limited,448.1000,456.0000,448.1000,,30,13591.0000,457.0000,718.8000,385.0000,2023-03-20T11:31:34.117797,455.0000,3,453.03,
206,2023-03-20,2933,KEF,Kumari Equity Fund,7.8200,7.8200,7.8200,,500,3910.0000,7.8200,10.0700,7.7300,2023-03-20T11:15:04.113719,7.8200,1,7.82,
207,2023-03-20,8031,MBJC,Madhya Bhotekoshi Jalavidyut Company Limited,310.0000,318.0000,307.5000,,588,184001.6000,312.1000,412.0000,193.3000,2023-03-20T11:34:49.796186,312.6000,37,312.92,
208,2023-03-20,8032,BNHC,Buddha Bhumi Nepal Hydropower Company Limited,411.0000,419.2000,411.0000,,30,12466.0000,415.0000,715.0000,306.0000,2023-03-20T11:32:41.149453,416.4000,3,415.53,
209,2023-03-20,8045,GVL,Green Ventures Limited,454.9000,454.9000,441.1000,,2570,1150288.0000,464.1000,511.0000,255.1000,2023-03-20T11:32:12.903022,449.9000,35,447.58,
210,2023-03-20,8073,NICFC,NIC Asia Flexi CAP Fund,7.6600,7.7000,7.6600,,200,1536.0000,7.6800,10.0000,7.3000,2023-03-20T11:12:39.786758,7.7000,2,7.68,
211,2023-03-20,8100,SGHC,Swet-Ganga Hydropower & Construction Limited ,381.7000,389.9000,381.7000,,390,150950.0000,389.0000,411.6000,202.1000,2023-03-20T11:34:22.669779,389.9000,24,387.05,
212,2023-03-20,8123,DLBS,Dhaulagiri Laghubitta Bittiya Sanstha Limited,813.0000,825.0000,813.0000,,20,16380.0000,828.2000,1662.0000,177.7000,2023-03-20T11:14:48.229442,825.0000,2,819.00,
